ID;AT;SIL;ARG;AD
ZARC_1;2;5;93;0,098
ZARC_2;3;4;93;0,09
ZARC_3;2;6;92;0,055
ZARC_4;1;7;92;0,052
ZARC_5;3;6;91;0,062
ZARC_6;2;9;89;0,058
ZARC_7;2;9;89;0,058
ZARC_8;2;9;89;0,071
ZARC_9;4;8;88;0,074
ZARC_10;8;6;86;0,08
ZARC_11;8;6;86;0,075
ZARC_12;8;6;86;0,075
ZARC_13;7;7;86;0,073
ZARC_14;7;7;86;0,073
ZARC_15;5;9;86;0,07
ZARC_16;5;9;86;0,07
ZARC_17;2;13;85;0,09
ZARC_18;2;15;83;0,136
ZARC_19;2;16;82;0,12
ZARC_20;4;18;78;0,091
ZARC_21;4;18;78;0,07
ZARC_22;5;18;77;0,088
ZARC_23;5;18;77;0,088
ZARC_24;9;16;75;0,087
ZARC_25;9;16;75;0,087
ZARC_26;14;11;75;0,133
ZARC_27;2;23;75;0,123
ZARC_28;3;23;74;0,13
ZARC_29;3;23;74;0,079
ZARC_30;9;18;73;0,107
ZARC_31;9;18;73;0,107
ZARC_32;9;18;73;0,087
ZARC_33;6;21;73;0,07
ZARC_34;6;21;73;0,07
ZARC_35;18;10;72;0,081
ZARC_36;18;10;72;0,081
ZARC_37;13;15;72;0,084
ZARC_38;19;10;71;0,094
ZARC_39;18;12;70;0,081
ZARC_40;4;26;70;0,104
ZARC_41;17;14;69;0,1
ZARC_42;21;10;69;0,096
ZARC_43;5;26;69;0,094
ZARC_44;5;26;69;0,094
ZARC_45;4;27;69;0,092
ZARC_46;17;14;69;0,1
ZARC_47;21;10;69;0,096
ZARC_48;22;10;68;0,096
ZARC_49;8;24;68;0,115
ZARC_50;8;24;68;0,115
ZARC_51;11;21;68;0,104
ZARC_52;11;21;68;0,104
ZARC_53;4;28;68;0,097
ZARC_54;17;16;67;0,12
ZARC_55;4;29;67;0,115
ZARC_56;3;31;66;0,11
ZARC_57;21;13;66;0,102
ZARC_58;22;12;66;0,094
ZARC_59;22;12;66;0,091
ZARC_60;21;13;66;0,121
ZARC_61;21;13;66;0,102
ZARC_62;3;31;66;0,1
ZARC_63;15;19;66;0,1
ZARC_64;22;12;66;0,091
ZARC_65;20;14;66;0,073
ZARC_66;23;12;65;0,125
ZARC_67;22;13;65;0,114
ZARC_68;20;15;65;0,086
ZARC_69;14;21;65;0,14
ZARC_70;23;12;65;0,125
ZARC_71;12;23;65;0,121
ZARC_72;12;23;65;0,121
ZARC_73;22;13;65;0,114
ZARC_74;5;30;65;0,099
ZARC_75;22;13;65;0,096
ZARC_76;20;15;65;0,086
ZARC_77;23;12;65;0,074
ZARC_78;5;30;65;0,099
ZARC_79;28;8;64;0,144
ZARC_80;28;8;64;0,144
ZARC_81;11;25;64;0,11
ZARC_82;21;15;64;0,092
ZARC_83;27;9;64;0,086
ZARC_84;27;9;64;0,086
ZARC_85;6;30;64;0,085
ZARC_86;6;30;64;0,085
ZARC_87;25;11;64;0,08
ZARC_88;27;10;63;0,081
ZARC_89;26;12;62;0,149
ZARC_90;20;18;62;0,109
ZARC_91;29;9;62;0,074
ZARC_92;0;38;62;0,161
ZARC_93;0;38;62;0,145
ZARC_94;18;21;61;0,078
ZARC_95;22;17;61;0,073
ZARC_96;22;17;61;0,092
ZARC_97;20;19;61;0,081
ZARC_98;22;17;61;0,092
ZARC_99;26;13;61;0,115
ZARC_100;4;36;60;0,107
ZARC_101;28;12;60;0,129
ZARC_102;26;14;60;0,126
ZARC_103;28;12;60;0,106
ZARC_104;14;26;60;0,109
ZARC_105;14;26;60;0,109
ZARC_106;14;26;60;0,105
ZARC_107;27;13;60;0,09
ZARC_108;27;13;60;0,09
ZARC_109;27;13;60;0,088
ZARC_110;20;20;60;0,087
ZARC_111;29;12;59;0,127
ZARC_112;21;20;59;0,11
ZARC_113;27;15;58;0,184
ZARC_114;14;28;58;0,12
ZARC_115;9;33;58;0,109
ZARC_116;23;19;58;0,091
ZARC_117;20;22;58;0,088
ZARC_118;27;16;57;0,1
ZARC_119;23;20;57;0,083
ZARC_120;37;7;56;0,12
ZARC_121;8;36;56;0,12
ZARC_122;26;18;56;0,09
ZARC_123;28;17;55;0,129
ZARC_124;24;21;55;0,116
ZARC_125;39;6;55;0,1
ZARC_126;30;15;55;0,08
ZARC_127;3;42;55;0,124
ZARC_128;31;15;54;0,085
ZARC_129;25;22;53;0,102
ZARC_130;18;29;53;0,102
ZARC_131;39;8;53;0,101
ZARC_132;16;31;53;0,092
ZARC_133;26;21;53;0,083
ZARC_134;33;15;52;0,14
ZARC_135;41;7;52;0,112
ZARC_136;13;35;52;0,1
ZARC_137;26;22;52;0,099
ZARC_138;24;24;52;0,09
ZARC_139;25;23;52;0,083
ZARC_140;4;45;51;0,133
ZARC_141;8;41;51;0,159
ZARC_142;33;16;51;0,104
ZARC_143;17;32;51;0,103
ZARC_144;30;19;51;0,098
ZARC_145;15;34;51;0,097
ZARC_146;31;18;51;0,096
ZARC_147;38;11;51;0,083
ZARC_148;34;15;51;0,08
ZARC_149;16;34;50;0,128
ZARC_150;18;32;50;0,109
ZARC_151;17;33;50;0,103
ZARC_152;14;36;50;0,103
ZARC_153;25;25;50;0,099
ZARC_154;13;37;50;0,098
ZARC_155;31;19;50;0,094
ZARC_156;27;23;50;0,092
ZARC_157;29;21;50;0,091
ZARC_158;35;15;50;0,088
ZARC_159;30;20;50;0,067
ZARC_160;39;11;50;0,055
ZARC_161;8;42;50;0,193
ZARC_162;41;10;49;0,244
ZARC_163;11;40;49;0,197
ZARC_164;17;34;49;0,117
ZARC_165;15;36;49;0,116
ZARC_166;16;35;49;0,114
ZARC_167;18;33;49;0,112
ZARC_168;22;29;49;0,11
ZARC_169;21;30;49;0,104
ZARC_170;40;11;49;0,1
ZARC_171;43;8;49;0,069
ZARC_172;11;41;48;0,229
ZARC_173;4;48;48;0,208
ZARC_174;12;40;48;0,25
ZARC_175;45;7;48;0,13
ZARC_176;19;33;48;0,122
ZARC_177;15;37;48;0,12
ZARC_178;14;38;48;0,108
ZARC_179;27;25;48;0,101
ZARC_180;25;27;48;0,094
ZARC_181;16;36;48;0,093
ZARC_182;29;23;48;0,073
ZARC_183;14;39;47;0,16
ZARC_184;17;36;47;0,124
ZARC_185;15;38;47;0,101
ZARC_186;35;18;47;0,085
ZARC_187;39;14;47;0,084
ZARC_188;6;47;47;0,195
ZARC_189;10;43;47;0,233
ZARC_190;1;53;46;0,219
ZARC_191;20;34;46;0,198
ZARC_192;45;9;46;0,159
ZARC_193;41;13;46;0,15
ZARC_194;35;19;46;0,127
ZARC_195;18;36;46;0,121
ZARC_196;19;35;46;0,103
ZARC_197;14;40;46;0,103
ZARC_198;22;32;46;0,1
ZARC_199;15;39;46;0,099
ZARC_200;39;15;46;0,097
ZARC_201;17;37;46;0,087
ZARC_202;16;38;46;0,083
ZARC_203;43;11;46;0,057
ZARC_204;36;18;46;0,05
ZARC_205;17;38;45;0,15
ZARC_206;37;18;45;0,133
ZARC_207;36;19;45;0,131
ZARC_208;48;7;45;0,126
ZARC_209;16;39;45;0,109
ZARC_210;13;42;45;0,107
ZARC_211;43;12;45;0,099
ZARC_212;15;40;45;0,098
ZARC_213;8;47;45;0,098
ZARC_214;7;48;45;0,094
ZARC_215;46;9;45;0,091
ZARC_216;47;8;45;0,09
ZARC_217;26;29;45;0,088
ZARC_218;39;16;45;0,085
ZARC_219;14;41;45;0,085
ZARC_220;29;26;45;0,078
ZARC_221;34;21;45;0,074
ZARC_222;32;23;45;0,07
ZARC_223;10;45;45;0,172
ZARC_224;9;47;44;0,202
ZARC_225;37;19;44;0,16
ZARC_226;45;11;44;0,14
ZARC_227;35;21;44;0,134
ZARC_228;51;5;44;0,124
ZARC_229;20;36;44;0,12
ZARC_230;16;40;44;0,12
ZARC_231;19;37;44;0,119
ZARC_232;40;16;44;0,109
ZARC_233;14;42;44;0,107
ZARC_234;15;41;44;0,106
ZARC_235;30;26;44;0,087
ZARC_236;34;22;44;0,086
ZARC_237;49;7;44;0,051
ZARC_238;41;15;44;0,05
ZARC_239;50;6;44;0,047
ZARC_240;48;8;44;0,043
ZARC_241;9;47;44;0,225
ZARC_242;16;40;44;0,144
ZARC_243;29;28;43;0,185
ZARC_244;46;11;43;0,155
ZARC_245;18;39;43;0,13
ZARC_246;17;40;43;0,127
ZARC_247;16;41;43;0,11
ZARC_248;42;15;43;0,107
ZARC_249;20;37;43;0,104
ZARC_250;19;38;43;0,1
ZARC_251;14;43;43;0,099
ZARC_252;7;50;43;0,093
ZARC_253;36;21;43;0,09
ZARC_254;47;10;43;0,083
ZARC_255;39;18;43;0,083
ZARC_256;43;14;43;0,078
ZARC_257;52;5;43;0,072
ZARC_258;3;54;43;0,13
ZARC_259;13;44;43;0,163
ZARC_260;16;42;42;0,112
ZARC_261;2;56;42;0,18
ZARC_262;12;46;42;0,167
ZARC_263;47;11;42;0,146
ZARC_264;18;40;42;0,126
ZARC_265;16;42;42;0,124
ZARC_266;38;20;42;0,12
ZARC_267;35;23;42;0,118
ZARC_268;36;22;42;0,116
ZARC_269;17;41;42;0,115
ZARC_270;37;21;42;0,11
ZARC_271;39;19;42;0,103
ZARC_272;15;43;42;0,097
ZARC_273;52;6;42;0,093
ZARC_274;50;8;42;0,08
ZARC_275;44;14;42;0,063
ZARC_276;48;10;42;0,054
ZARC_277;1;57;42;0,202
ZARC_278;6;53;41;0,222
ZARC_279;6;53;41;0,222
ZARC_280;3;56;41;0,179
ZARC_281;51;8;41;0,162
ZARC_282;53;6;41;0,157
ZARC_283;19;40;41;0,12
ZARC_284;31;28;41;0,113
ZARC_285;15;44;41;0,104
ZARC_286;49;10;41;0,091
ZARC_287;52;7;41;0,079
ZARC_288;45;14;41;0,044
ZARC_289;15;44;41;0,165
ZARC_290;6;53;41;0,148
ZARC_291;5;55;40;0,22
ZARC_292;5;55;40;0,18
ZARC_293;18;42;40;0,176
ZARC_294;43;17;40;0,162
ZARC_295;28;32;40;0,151
ZARC_296;25;35;40;0,13
ZARC_297;49;11;40;0,128
ZARC_298;53;7;40;0,127
ZARC_299;37;23;40;0,11
ZARC_300;45;15;40;0,09
ZARC_301;39;21;40;0,076
ZARC_302;12;48;40;0,246
ZARC_303;2;59;39;0,133
ZARC_304;6;55;39;0,25
ZARC_305;58;3;39;0,221
ZARC_306;6;55;39;0,2
ZARC_307;4;57;39;0,191
ZARC_308;19;42;39;0,19
ZARC_309;45;16;39;0,153
ZARC_310;40;21;39;0,143
ZARC_311;14;47;39;0,112
ZARC_312;52;9;39;0,103
ZARC_313;54;7;39;0,096
ZARC_314;47;14;39;0,08
ZARC_315;9;52;39;0,248
ZARC_316;9;52;39;0,238
ZARC_317;9;52;39;0,234
ZARC_318;9;52;39;0,233
ZARC_319;9;52;39;0,229
ZARC_320;9;52;39;0,227
ZARC_321;9;52;39;0,226
ZARC_322;9;52;39;0,221
ZARC_323;9;52;39;0,218
ZARC_324;9;52;39;0,213
ZARC_325;9;52;39;0,201
ZARC_326;9;52;39;0,168
ZARC_327;9;52;39;0,157
ZARC_328;9;52;39;0,152
ZARC_329;9;52;39;0,118
ZARC_330;3;58;39;0,221
ZARC_331;11;51;38;0,198
ZARC_332;4;58;38;0,226
ZARC_333;11;51;38;0,197
ZARC_334;7;55;38;0,23
ZARC_335;56;6;38;0,186
ZARC_336;51;11;38;0,127
ZARC_337;48;14;38;0,121
ZARC_338;45;17;38;0,12
ZARC_339;43;19;38;0,09
ZARC_340;32;30;38;0,09
ZARC_341;58;4;38;0,083
ZARC_342;54;8;38;0,067
ZARC_343;9;53;38;0,168
ZARC_344;16;46;38;0,152
ZARC_345;10;53;37;0,249
ZARC_346;34;29;37;0,215
ZARC_347;10;53;37;0,209
ZARC_348;19;44;37;0,168
ZARC_349;41;22;37;0,125
ZARC_350;59;4;37;0,116
ZARC_351;9;54;37;0,116
ZARC_352;55;8;37;0,112
ZARC_353;57;6;37;0,109
ZARC_354;31;32;37;0,102
ZARC_355;39;24;37;0,1
ZARC_356;23;40;37;0,097
ZARC_357;56;7;37;0,085
ZARC_358;49;14;37;0,083
ZARC_359;9;54;37;0,218
ZARC_360;23;40;37;0,189
ZARC_361;6;57;37;0,222
ZARC_362;15;49;36;0,192
ZARC_363;1;63;36;0,219
ZARC_364;1;63;36;0,202
ZARC_365;51;13;36;0,2
ZARC_366;20;44;36;0,16
ZARC_367;22;42;36;0,145
ZARC_368;48;16;36;0,114
ZARC_369;59;5;36;0,111
ZARC_370;23;41;36;0,11
ZARC_371;41;23;36;0,101
ZARC_372;47;17;36;0,1
ZARC_373;28;36;36;0,1
ZARC_374;42;22;36;0,091
ZARC_375;52;12;36;0,09
ZARC_376;45;19;36;0,085
ZARC_377;54;10;36;0,078
ZARC_378;55;9;36;0,065
ZARC_379;56;8;36;0,06
ZARC_380;8;56;36;0,194
ZARC_381;16;48;36;0,126
ZARC_382;13;51;36;0,103
ZARC_383;6;59;35;0,128
ZARC_384;5;60;35;0,199
ZARC_385;19;46;35;0,178
ZARC_386;51;14;35;0,135
ZARC_387;53;12;35;0,115
ZARC_388;37;28;35;0,111
ZARC_389;49;16;35;0,101
ZARC_390;32;33;35;0,1
ZARC_391;52;13;35;0,08
ZARC_392;38;27;35;0,08
ZARC_393;56;9;35;0,066
ZARC_394;57;8;35;0,06
ZARC_395;43;22;35;0,053
ZARC_396;50;15;35;0,04
ZARC_397;15;50;35;0,127
ZARC_398;3;63;34;0,146
ZARC_399;20;46;34;0,136
ZARC_400;14;52;34;0,176
ZARC_401;21;45;34;0,161
ZARC_402;56;10;34;0,241
ZARC_403;12;54;34;0,2
ZARC_404;64;2;34;0,187
ZARC_405;11;55;34;0,17
ZARC_406;51;15;34;0,169
ZARC_407;4;62;34;0,15
ZARC_408;12;54;34;0,127
ZARC_409;4;62;34;0,113
ZARC_410;49;17;34;0,104
ZARC_411;54;12;34;0,091
ZARC_412;47;19;34;0,073
ZARC_413;11;55;34;0,223
ZARC_414;24;42;34;0,187
ZARC_415;15;51;34;0,118
ZARC_416;9;57;34;0,187
ZARC_417;26;41;33;0,104
ZARC_418;13;54;33;0,176
ZARC_419;3;64;33;0,093
ZARC_420;7;60;33;0,181
ZARC_421;11;56;33;0,218
ZARC_422;60;7;33;0,147
ZARC_423;21;46;33;0,116
ZARC_424;13;54;33;0,108
ZARC_425;58;9;33;0,073
ZARC_426;52;15;33;0,073
ZARC_427;56;11;33;0,069
ZARC_428;62;5;33;0,061
ZARC_429;59;8;33;0,057
ZARC_430;42;25;33;0,04
ZARC_431;6;61;33;0,169
ZARC_432;10;57;33;0,211
ZARC_433;2;65;33;0,165
ZARC_434;11;56;33;0,106
ZARC_435;5;62;33;0,219
ZARC_436;9;59;32;0,23
ZARC_437;8;60;32;0,177
ZARC_438;12;56;32;0,22
ZARC_439;9;59;32;0,22
ZARC_440;11;57;32;0,195
ZARC_441;67;1;32;0,178
ZARC_442;49;19;32;0,16
ZARC_443;10;58;32;0,14
ZARC_444;64;4;32;0,135
ZARC_445;44;24;32;0,123
ZARC_446;48;20;32;0,12
ZARC_447;13;55;32;0,11
ZARC_448;12;56;32;0,11
ZARC_449;58;10;32;0,107
ZARC_450;66;2;32;0,103
ZARC_451;62;6;32;0,073
ZARC_452;47;21;32;0,07
ZARC_453;61;7;32;0,067
ZARC_454;60;8;32;0,058
ZARC_455;57;11;32;0,055
ZARC_456;24;44;32;0,229
ZARC_457;8;60;32;0,222
ZARC_458;15;53;32;0,228
ZARC_459;7;61;32;0,183
ZARC_460;26;42;32;0,195
ZARC_461;25;44;31;0,217
ZARC_462;3;66;31;0,167
ZARC_463;11;58;31;0,135
ZARC_464;25;44;31;0,219
ZARC_465;12;57;31;0,21
ZARC_466;45;24;31;0,126
ZARC_467;31;38;31;0,11
ZARC_468;33;36;31;0,109
ZARC_469;63;6;31;0,1
ZARC_470;61;8;31;0,084
ZARC_471;54;15;31;0,068
ZARC_472;59;10;31;0,065
ZARC_473;39;30;31;0,057
ZARC_474;58;11;31;0,046
ZARC_475;62;7;31;0,039
ZARC_476;17;52;31;0,203
ZARC_477;24;45;31;0,193
ZARC_478;29;41;30;0,19
ZARC_479;8;62;30;0,192
ZARC_480;12;58;30;0,132
ZARC_481;68;2;30;0,182
ZARC_482;69;1;30;0,181
ZARC_483;57;13;30;0,172
ZARC_484;58;12;30;0,145
ZARC_485;64;6;30;0,115
ZARC_486;53;17;30;0,1
ZARC_487;42;28;30;0,095
ZARC_488;63;7;30;0,081
ZARC_489;60;10;30;0,081
ZARC_490;13;57;30;0,08
ZARC_491;36;34;30;0,068
ZARC_492;59;11;30;0,067
ZARC_493;62;8;30;0,04
ZARC_494;23;47;30;0,241
ZARC_495;11;59;30;0,193
ZARC_496;3;67;30;0,248
ZARC_497;3;67;30;0,248
ZARC_498;14;56;30;0,2
ZARC_499;2;68;30;0,132
ZARC_500;13;58;29;0,157
ZARC_501;31;40;29;0,147
ZARC_502;19;52;29;0,233
ZARC_503;19;52;29;0,226
ZARC_504;13;58;29;0,197
ZARC_505;13;58;29;0,16
ZARC_506;56;15;29;0,146
ZARC_507;29;42;29;0,117
ZARC_508;26;45;29;0,1
ZARC_509;62;9;29;0,094
ZARC_510;53;18;29;0,094
ZARC_511;49;22;29;0,088
ZARC_512;48;23;29;0,064
ZARC_513;35;36;29;0,062
ZARC_514;63;8;29;0,06
ZARC_515;59;12;29;0,06
ZARC_516;8;63;29;0,19
ZARC_517;8;63;29;0,166
ZARC_518;6;65;29;0,236
ZARC_519;6;65;29;0,2
ZARC_520;21;51;28;0,186
ZARC_521;13;59;28;0,18
ZARC_522;4;68;28;0,16
ZARC_523;12;60;28;0,177
ZARC_524;47;25;28;0,147
ZARC_525;62;10;28;0,115
ZARC_526;53;19;28;0,114
ZARC_527;56;16;28;0,106
ZARC_528;66;6;28;0,102
ZARC_529;64;8;28;0,101
ZARC_530;61;11;28;0,101
ZARC_531;58;14;28;0,085
ZARC_532;69;3;28;0,075
ZARC_533;65;7;28;0,07
ZARC_534;60;12;28;0,06
ZARC_535;38;34;28;0,059
ZARC_536;20;52;28;0,17
ZARC_537;28;44;28;0,216
ZARC_538;22;50;28;0,182
ZARC_539;33;40;27;0,245
ZARC_540;21;52;27;0,167
ZARC_541;20;53;27;0,226
ZARC_542;61;12;27;0,16
ZARC_543;47;26;27;0,138
ZARC_544;14;59;27;0,13
ZARC_545;62;11;27;0,096
ZARC_546;67;6;27;0,088
ZARC_547;58;15;27;0,087
ZARC_548;69;4;27;0,078
ZARC_549;65;8;27;0,078
ZARC_550;49;24;27;0,073
ZARC_551;70;3;27;0,069
ZARC_552;26;47;27;0,231
ZARC_553;22;51;27;0,211
ZARC_554;12;61;27;0,207
ZARC_555;23;50;27;0,21
ZARC_556;27;46;27;0,247
ZARC_557;22;52;26;0,249
ZARC_558;22;52;26;0,191
ZARC_559;29;45;26;0,15
ZARC_560;62;12;26;0,121
ZARC_561;69;5;26;0,116
ZARC_562;61;13;26;0,115
ZARC_563;71;3;26;0,114
ZARC_564;70;4;26;0,111
ZARC_565;73;1;26;0,103
ZARC_566;54;20;26;0,099
ZARC_567;66;8;26;0,09
ZARC_568;65;9;26;0,083
ZARC_569;63;11;26;0,08
ZARC_570;67;7;26;0,075
ZARC_571;68;6;26;0,07
ZARC_572;55;19;26;0,052
ZARC_573;25;49;26;0,223
ZARC_574;13;61;26;0,219
ZARC_575;16;58;26;0,197
ZARC_576;26;48;26;0,24
ZARC_577;8;67;25;0,215
ZARC_578;9;66;25;0,245
ZARC_579;21;54;25;0,189
ZARC_580;62;13;25;0,082
ZARC_581;66;9;25;0,074
ZARC_582;71;4;25;0,065
ZARC_583;64;11;25;0,064
ZARC_584;61;14;25;0,06
ZARC_585;53;22;25;0,06
ZARC_586;33;42;25;0,238
ZARC_587;32;43;25;0,186
ZARC_588;14;61;25;0,164
ZARC_589;29;46;25;0,112
ZARC_590;15;61;24;0,214
ZARC_591;19;57;24;0,21
ZARC_592;8;68;24;0,198
ZARC_593;20;56;24;0,151
ZARC_594;61;15;24;0,12
ZARC_595;72;4;24;0,111
ZARC_596;64;12;24;0,103
ZARC_597;62;14;24;0,1
ZARC_598;51;25;24;0,1
ZARC_599;71;5;24;0,082
ZARC_600;74;2;24;0,081
ZARC_601;66;10;24;0,08
ZARC_602;73;3;24;0,078
ZARC_603;70;6;24;0,074
ZARC_604;65;11;24;0,069
ZARC_605;69;7;24;0,037
ZARC_606;24;52;24;0,243
ZARC_607;9;67;24;0,206
ZARC_608;10;66;24;0,203
ZARC_609;30;46;24;0,143
ZARC_610;19;58;23;0,182
ZARC_611;28;49;23;0,241
ZARC_612;28;49;23;0,241
ZARC_613;11;66;23;0,21
ZARC_614;6;71;23;0,189
ZARC_615;56;21;23;0,162
ZARC_616;75;2;23;0,149
ZARC_617;72;5;23;0,113
ZARC_618;26;51;23;0,11
ZARC_619;47;30;23;0,108
ZARC_620;66;11;23;0,093
ZARC_621;63;14;23;0,09
ZARC_622;67;10;23;0,087
ZARC_623;62;15;23;0,086
ZARC_624;64;13;23;0,072
ZARC_625;70;7;23;0,067
ZARC_626;8;69;23;0,224
ZARC_627;26;51;23;0,153
ZARC_628;29;48;23;0,231
ZARC_629;17;60;23;0,221
ZARC_630;8;69;23;0,214
ZARC_631;36;42;22;0,222
ZARC_632;17;61;22;0,181
ZARC_633;76;2;22;0,059
ZARC_634;76;2;22;0,038
ZARC_635;12;66;22;0,18
ZARC_636;68;10;22;0,15
ZARC_637;44;34;22;0,14
ZARC_638;65;13;22;0,137
ZARC_639;72;6;22;0,134
ZARC_640;67;11;22;0,128
ZARC_641;76;2;22;0,108
ZARC_642;62;16;22;0,104
ZARC_643;75;3;22;0,1
ZARC_644;74;4;22;0,091
ZARC_645;66;12;22;0,09
ZARC_646;54;24;22;0,08
ZARC_647;52;26;22;0,06
ZARC_648;16;62;22;0,224
ZARC_649;32;46;22;0,234
ZARC_650;9;69;22;0,205
ZARC_651;33;46;21;0,243
ZARC_652;33;46;21;0,243
ZARC_653;9;70;21;0,201
ZARC_654;12;67;21;0,219
ZARC_655;12;67;21;0,216
ZARC_656;12;67;21;0,213
ZARC_657;12;67;21;0,208
ZARC_658;12;67;21;0,208
ZARC_659;12;67;21;0,2
ZARC_660;14;65;21;0,14
ZARC_661;73;6;21;0,12
ZARC_662;64;15;21;0,12
ZARC_663;65;14;21;0,109
ZARC_664;70;9;21;0,107
ZARC_665;56;23;21;0,106
ZARC_666;62;17;21;0,103
ZARC_667;60;19;21;0,1
ZARC_668;54;25;21;0,1
ZARC_669;66;13;21;0,096
ZARC_670;74;5;21;0,083
ZARC_671;72;7;21;0,082
ZARC_672;53;26;21;0,07
ZARC_673;44;35;21;0,069
ZARC_674;77;2;21;0,061
ZARC_675;39;41;20;0,152
ZARC_676;79;1;20;0,047
ZARC_677;77;3;20;0,022
ZARC_678;36;44;20;0,154
ZARC_679;18;62;20;0,14
ZARC_680;62;18;20;0,124
ZARC_681;76;4;20;0,109
ZARC_682;74;6;20;0,103
ZARC_683;67;13;20;0,1
ZARC_684;71;9;20;0,099
ZARC_685;60;20;20;0,095
ZARC_686;77;3;20;0,091
ZARC_687;55;25;20;0,091
ZARC_688;69;11;20;0,09
ZARC_689;64;16;20;0,09
ZARC_690;78;2;20;0,089
ZARC_691;68;12;20;0,089
ZARC_692;73;7;20;0,086
ZARC_693;79;1;20;0,08
ZARC_694;70;10;20;0,034
ZARC_695;26;54;20;0,232
ZARC_696;17;63;20;0,201
ZARC_697;24;56;20;0,23
ZARC_698;36;45;19;0,199
ZARC_699;37;44;19;0,083
ZARC_700;27;54;19;0,226
ZARC_701;39;42;19;0,217
ZARC_702;23;58;19;0,19
ZARC_703;52;29;19;0,117
ZARC_704;68;13;19;0,092
ZARC_705;73;8;19;0,09
ZARC_706;62;19;19;0,09
ZARC_707;70;11;19;0,085
ZARC_708;58;23;19;0,082
ZARC_709;56;25;19;0,082
ZARC_710;71;10;19;0,08
ZARC_711;55;26;19;0,07
ZARC_712;54;27;19;0,06
ZARC_713;74;7;19;0,053
ZARC_714;74;7;19;0,052
ZARC_715;74;7;19;0,049
ZARC_716;74;7;19;0,041
ZARC_717;72;9;19;0,036
ZARC_718;74;7;19;0,028
ZARC_719;13;68;19;0,204
ZARC_720;38;43;19;0,241
ZARC_721;19;63;18;0,244
ZARC_722;81;1;18;0,049
ZARC_723;80;2;18;0,036
ZARC_724;74;8;18;0,017
ZARC_725;61;21;18;0,163
ZARC_726;68;14;18;0,142
ZARC_727;51;31;18;0,12
ZARC_728;71;11;18;0,119
ZARC_729;70;12;18;0,116
ZARC_730;72;10;18;0,111
ZARC_731;79;3;18;0,099
ZARC_732;73;9;18;0,092
ZARC_733;77;5;18;0,084
ZARC_734;80;2;18;0,082
ZARC_735;74;8;18;0,082
ZARC_736;81;1;18;0,077
ZARC_737;78;4;18;0,074
ZARC_738;75;7;18;0,061
ZARC_739;49;33;18;0,047
ZARC_740;34;48;18;0,233
ZARC_741;38;44;18;0,184
ZARC_742;41;42;17;0,241
ZARC_743;41;42;17;0,224
ZARC_744;38;45;17;0,186
ZARC_745;4;79;17;0,197
ZARC_746;24;59;17;0,19
ZARC_747;18;65;17;0,16
ZARC_748;52;31;17;0,146
ZARC_749;51;32;17;0,136
ZARC_750;49;34;17;0,132
ZARC_751;67;16;17;0,128
ZARC_752;61;22;17;0,128
ZARC_753;50;33;17;0,118
ZARC_754;39;44;17;0,112
ZARC_755;58;25;17;0,099
ZARC_756;71;12;17;0,096
ZARC_757;44;39;17;0,096
ZARC_758;74;9;17;0,09
ZARC_759;75;8;17;0,085
ZARC_760;68;15;17;0,081
ZARC_761;42;41;17;0,067
ZARC_762;59;24;17;0,063
ZARC_763;77;6;17;0,06
ZARC_764;24;59;17;0,22
ZARC_765;35;49;16;0,229
ZARC_766;35;49;16;0,225
ZARC_767;82;2;16;0,053
ZARC_768;83;1;16;0,035
ZARC_769;83;1;16;0,024
ZARC_770;43;41;16;0,136
ZARC_771;77;7;16;0,132
ZARC_772;42;42;16;0,132
ZARC_773;48;36;16;0,114
ZARC_774;78;6;16;0,107
ZARC_775;44;40;16;0,1
ZARC_776;41;43;16;0,099
ZARC_777;40;44;16;0,098
ZARC_778;75;9;16;0,09
ZARC_779;65;19;16;0,09
ZARC_780;45;39;16;0,089
ZARC_781;79;5;16;0,089
ZARC_782;49;35;16;0,088
ZARC_783;80;4;16;0,081
ZARC_784;81;3;16;0,078
ZARC_785;60;24;16;0,075
ZARC_786;46;38;16;0,06
ZARC_787;80;4;16;0,059
ZARC_788;53;31;16;0,052
ZARC_789;66;18;16;0,049
ZARC_790;30;55;15;0,213
ZARC_791;56;29;15;0,247
ZARC_792;15;70;15;0,2
ZARC_793;45;40;15;0,128
ZARC_794;46;39;15;0,125
ZARC_795;78;7;15;0,124
ZARC_796;51;34;15;0,123
ZARC_797;42;43;15;0,122
ZARC_798;62;23;15;0,11
ZARC_799;44;41;15;0,103
ZARC_800;68;17;15;0,1
ZARC_801;60;25;15;0,098
ZARC_802;47;38;15;0,098
ZARC_803;41;44;15;0,095
ZARC_804;50;35;15;0,089
ZARC_805;48;37;15;0,087
ZARC_806;73;12;15;0,078
ZARC_807;53;32;15;0,076
ZARC_808;75;10;15;0,07
ZARC_809;79;6;15;0,05
ZARC_810;80;5;15;0,041
ZARC_811;44;41;15;0,228
ZARC_812;38;48;14;0,184
ZARC_813;85;1;14;0,056
ZARC_814;76;10;14;0,24
ZARC_815;23;63;14;0,239
ZARC_816;16;70;14;0,2
ZARC_817;42;44;14;0,158
ZARC_818;50;36;14;0,15
ZARC_819;46;40;14;0,117
ZARC_820;45;41;14;0,115
ZARC_821;72;14;14;0,113
ZARC_822;84;2;14;0,095
ZARC_823;40;46;14;0,095
ZARC_824;79;7;14;0,094
ZARC_825;83;3;14;0,092
ZARC_826;80;6;14;0,09
ZARC_827;52;34;14;0,077
ZARC_828;77;9;14;0,076
ZARC_829;44;42;14;0,076
ZARC_830;81;5;14;0,075
ZARC_831;48;38;14;0,075
ZARC_832;47;39;14;0,068
ZARC_833;73;13;14;0,039
ZARC_834;18;69;13;0,247
ZARC_835;86;1;13;0,058
ZARC_836;46;41;13;0,213
ZARC_837;73;14;13;0,167
ZARC_838;49;38;13;0,152
ZARC_839;48;39;13;0,148
ZARC_840;50;37;13;0,146
ZARC_841;52;35;13;0,134
ZARC_842;45;42;13;0,132
ZARC_843;43;44;13;0,129
ZARC_844;54;33;13;0,127
ZARC_845;46;41;13;0,124
ZARC_846;47;40;13;0,123
ZARC_847;42;45;13;0,119
ZARC_848;68;19;13;0,103
ZARC_849;51;36;13;0,101
ZARC_850;79;8;13;0,087
ZARC_851;71;16;13;0,071
ZARC_852;75;12;13;0,07
ZARC_853;86;1;13;0,062
ZARC_854;80;7;13;0,041
ZARC_855;43;44;13;0,163
ZARC_856;45;42;13;0,191
ZARC_857;33;55;12;0,225
ZARC_858;33;55;12;0,225
ZARC_859;85;3;12;0,055
ZARC_860;40;48;12;0,213
ZARC_861;84;4;12;0,058
ZARC_862;80;8;12;0,047
ZARC_863;83;5;12;0,025
ZARC_864;51;37;12;0,163
ZARC_865;32;56;12;0,16
ZARC_866;54;34;12;0,142
ZARC_867;21;67;12;0,14
ZARC_868;48;40;12;0,123
ZARC_869;50;38;12;0,104
ZARC_870;77;11;12;0,083
ZARC_871;85;3;12;0,077
ZARC_872;84;4;12;0,072
ZARC_873;82;6;12;0,067
ZARC_874;87;1;12;0,066
ZARC_875;85;3;12;0,057
ZARC_876;85;3;12;0,056
ZARC_877;80;8;12;0,056
ZARC_878;87;1;12;0,056
ZARC_879;85;3;12;0,055
ZARC_880;82;6;12;0,054
ZARC_881;87;1;12;0,047
ZARC_882;87;1;12;0,045
ZARC_883;87;1;12;0,044
ZARC_884;87;1;12;0,044
ZARC_885;87;1;12;0,044
ZARC_886;81;7;12;0,043
ZARC_887;85;3;12;0,033
ZARC_888;81;7;12;0,018
ZARC_889;81;7;12;0,015
ZARC_890;81;7;12;0,013
ZARC_891;82;6;12;0,013
ZARC_892;82;6;12;0,007
ZARC_893;44;44;12;0,147
ZARC_894;75;14;11;0,142
ZARC_895;78;11;11;0,093
ZARC_896;82;7;11;0,068
ZARC_897;86;3;11;0,064
ZARC_898;77;12;11;0,045
ZARC_899;49;40;11;0,192
ZARC_900;44;46;10;0,232
ZARC_901;80;10;10;0,02
ZARC_902;18;72;10;0,16
ZARC_903;16;74;10;0,16
ZARC_904;56;34;10;0,092
ZARC_905;77;13;10;0,085
ZARC_906;87;3;10;0,058
ZARC_907;85;5;10;0,058
ZARC_908;85;5;10;0,053
ZARC_909;81;9;10;0,051
ZARC_910;87;3;10;0,05
ZARC_911;87;3;10;0,05
ZARC_912;89;1;10;0,049
ZARC_913;87;3;10;0,049
ZARC_914;87;3;10;0,049
ZARC_915;89;1;10;0,048
ZARC_916;89;1;10;0,048
ZARC_917;89;1;10;0,047
ZARC_918;85;5;10;0,046
ZARC_919;87;3;10;0,045
ZARC_920;89;1;10;0,043
ZARC_921;89;1;10;0,042
ZARC_922;89;1;10;0,039
ZARC_923;88;2;10;0,038
ZARC_924;87;3;10;0,029
ZARC_925;89;1;10;0,029
ZARC_926;89;1;10;0,026
ZARC_927;15;76;9;0,16
ZARC_928;75;16;9;0,085
ZARC_929;79;12;9;0,078
ZARC_930;80;11;9;0,063
ZARC_931;71;20;9;0,06
ZARC_932;90;2;8;0,033
ZARC_933;90;2;8;0,047
ZARC_934;16;76;8;0,18
ZARC_935;74;18;8;0,068
ZARC_936;64;28;8;0,065
ZARC_937;78;14;8;0,061
ZARC_938;80;12;8;0,059
ZARC_939;76;16;8;0,056
ZARC_940;66;26;8;0,053
ZARC_941;90;2;8;0,052
ZARC_942;86;6;8;0,051
ZARC_943;88;4;8;0,049
ZARC_944;88;4;8;0,048
ZARC_945;88;4;8;0,043
ZARC_946;85;7;8;0,042
ZARC_947;90;2;8;0,038
ZARC_948;90;2;8;0,037
ZARC_949;88;4;8;0,036
ZARC_950;88;4;8;0,036
ZARC_951;81;11;8;0,036
ZARC_952;88;4;8;0,033
ZARC_953;89;3;8;0,031
ZARC_954;88;4;8;0,031
ZARC_955;90;2;8;0,03
ZARC_956;88;4;8;0,026
ZARC_957;89;3;8;0,025
ZARC_958;89;3;8;0,018
ZARC_959;91;1;8;0,013
ZARC_960;90;2;8;0,005
ZARC_961;85;8;7;0,058
ZARC_962;86;7;7;0,051
ZARC_963;87;6;7;0,049
ZARC_964;32;62;6;0,18
ZARC_965;80;14;6;0,067
ZARC_966;89;5;6;0,049
ZARC_967;89;5;6;0,049
ZARC_968;89;5;6;0,046
ZARC_969;89;5;6;0,046
ZARC_970;89;5;6;0,044
ZARC_971;75;19;6;0,044
ZARC_972;92;2;6;0,038
ZARC_973;94;0;6;0,036
ZARC_974;92;2;6;0,036
ZARC_975;93;1;6;0,035
ZARC_976;91;3;6;0,035
ZARC_977;92;2;6;0,031
ZARC_978;92;2;6;0,031
ZARC_979;93;1;6;0,03
ZARC_980;93;1;6;0,027
ZARC_981;92;2;6;0,027
ZARC_982;93;1;6;0,026
ZARC_983;93;1;6;0,025
ZARC_984;92;2;6;0,025
ZARC_985;93;1;6;0,024
ZARC_986;92;2;6;0,022
ZARC_987;92;2;6;0,021
ZARC_988;92;2;6;0,019
ZARC_989;85;9;6;0,014
ZARC_990;35;60;5;0,194
ZARC_991;31;64;5;0,17
ZARC_992;80;15;5;0,09
ZARC_993;81;14;5;0,059
ZARC_994;89;6;5;0,047
ZARC_995;89;6;5;0,045
ZARC_996;92;3;5;0,033
ZARC_997;81;15;4;0,056
ZARC_998;83;13;4;0,042
ZARC_999;87;9;4;0,041
ZARC_1000;92;4;4;0,039
ZARC_1001;95;1;4;0,036
ZARC_1002;91;5;4;0,033
ZARC_1003;92;4;4;0,033
ZARC_1004;95;1;4;0,031
ZARC_1005;90;6;4;0,027
ZARC_1006;94;2;4;0,026
ZARC_1007;88;8;4;0,024
ZARC_1008;95;1;4;0,023
ZARC_1009;92;4;4;0,008
ZARC_1010;96;1;3;0,035
ZARC_1011;86;11;3;0,07
ZARC_1012;80;17;3;0,069
ZARC_1013;84;13;3;0,055
ZARC_1014;93;4;3;0,034
ZARC_1015;91;6;3;0,028
ZARC_1016;91;6;3;0,02
ZARC_1017;95;3;2;0,034
ZARC_1018;99;1;0;0,039
ZARC_1019;98;2;0;0,028
ZARC_1020;50;50;0;0,097
ZARC_1021;98;2;0;0,029
